id,created_at,text,user,favorite_count,retweet_count
935206967731134464,2017-11-27 18:01:31,b'@mememing_mia This semester mood is:',officialprkrngr,1,0
935203036519063553,2017-11-27 17:45:53,"b'me, realizing I\xe2\x80\x99m driving 80 when I shouldn\xe2\x80\x99t be: damn I\xe2\x80\x99m getting way too into Africa by Toto right now'",officialprkrngr,7,0
934812167303344128,2017-11-26 15:52:43,b'@mememing_mia Both! That if happened and that I did that when I was little and didn\xe2\x80\x99t fully understand social norms',officialprkrngr,1,0
934811830274240513,2017-11-26 15:51:22,b'@mememing_mia It\xe2\x80\x99s true!',officialprkrngr,0,0
934647676393492480,2017-11-26 04:59:05,b'How does Seattle manage to be both rainier and hillier than Portland ://////',officialprkrngr,2,0
934632342009782273,2017-11-26 03:58:09,b'This little girl either just tried to touch my butt or steal my wallet and tbh those are both things I tried to do when I was little',officialprkrngr,3,0
934265965877088256,2017-11-25 03:42:18,b'@sarahd0825 Big mood 2nite',officialprkrngr,1,0
934206923603349511,2017-11-24 23:47:41,"b""RT @jack_is_a_mess: I'm Grecian Aries, welcome to 1% Visible""",officialprkrngr,0,2
933940196411834368,2017-11-24 06:07:49,b'@bilvybee BUSS IT OPEN IN THE TARGET',officialprkrngr,0,0
933938426973483008,2017-11-24 06:00:47,"b""@bilvybee Lesson # 69 son ur manhood isn't determined by ur sexual proclivity (pro-clit-titty?) but go you""",officialprkrngr,0,0
933936402173227008,2017-11-24 05:52:44,b'@bilvybee proud of u no matter what son',officialprkrngr,0,0
933916342637522944,2017-11-24 04:33:02,b'my little brother finally got taller than me :/',officialprkrngr,3,0
933817012165533696,2017-11-23 21:58:19,"b""RT @AwwwwCats: IT'S A TRAP! ABORT! https://t.co/TQ7xn24GzK""",officialprkrngr,0,1265
933761662070509568,2017-11-23 18:18:23,"b'""Discrete contractors"" well yeah duh you\'re not gonna have a non-integer amount of contractors pal'",officialprkrngr,5,0
933702543779254278,2017-11-23 14:23:28,b'RT @Punziella: choose ur fighter https://t.co/9tGJOqMmP4',officialprkrngr,0,12580
933553053525008384,2017-11-23 04:29:27,b'Case in point we watched interstellar tonight',officialprkrngr,0,0
933552973741002752,2017-11-23 04:29:08,b'Catch me tearing up over any movie plot related to parents + loss',officialprkrngr,1,0
933451491486126080,2017-11-22 21:45:52,b'Big mood I hate Dallas and I especially hate driving in Dallas',officialprkrngr,8,1
933427711296630784,2017-11-22 20:11:23,"b""2 guys in the row behind talking about how best to smoke meat that's right folks we're going to #Texas""",officialprkrngr,6,0
933355800986132482,2017-11-22 15:25:38,"b'apparently I moved my license to a new spot in my wallet last time I pulled it out, which led to a very panicked jay in the tsa line'",officialprkrngr,7,0
932762360825102336,2017-11-21 00:07:31,b'Tbh this is enough people for me to be happy with that close of a finish https://t.co/Ih3oCVvM2u',officialprkrngr,3,0
932737219869081600,2017-11-20 22:27:37,"b'RT @Julian_Epp: Libertarian: Nothing is free. Someone always pays\n\nme: what about your ""free"" market\n\nLibertarian: [glasses fall off]\n\nme:\xe2\x80\xa6'",officialprkrngr,0,539
932702387889848321,2017-11-20 20:09:12,b'2 HOURS PLEASE VOTE ITS TOO CLOSE https://t.co/Ih3oCVvM2u',officialprkrngr,1,1
932380542531760128,2017-11-19 22:50:18,b'warm take the library does an excellent job of utilizing the space it has to cram as many books as possible in there',officialprkrngr,4,0
932105867016597504,2017-11-19 04:38:51,b'@mememing_mia yah the quote',officialprkrngr,0,0
932105133877366787,2017-11-19 04:35:56,b'@mememing_mia whomst',officialprkrngr,0,0
931332186086678528,2017-11-17 01:24:31,"b'""The joke is that you trick someone into asking how your day\'s going"" today\'s stats candidate, on Updog'",officialprkrngr,3,0
931307725211836416,2017-11-16 23:47:19,"b'""I reach maximum chalkiness after this class before I go wash my hands""'",officialprkrngr,1,0
931307646866485248,2017-11-16 23:47:00,b'Jamie literally pulled out a black piece of chalk today and proceeded to write on the board and then his shirt',officialprkrngr,1,0
931303602517184512,2017-11-16 23:30:56,b'@KaitlynHepp https://t.co/9FT1OIGoXM',officialprkrngr,0,0
931271861408645120,2017-11-16 21:24:48,"b'RT @whaleologist: Academia is dead, long live aca-meme-ia'",officialprkrngr,0,4
931240087064526848,2017-11-16 19:18:33,"b'""Do people say noon 30?"" ""Nah try sunset o\'clock""'",officialprkrngr,2,0
930955813807472640,2017-11-16 00:28:56,b'in response to @Twitter all my tweets will now be 70 chars or fewer',officialprkrngr,6,0
930898713697951745,2017-11-15 20:42:03,"b""@whaleologist I was on board with that one until I tried ETC first floor, it's incredible""",officialprkrngr,0,0
930895343113224192,2017-11-15 20:28:39,b'A new candidate for slowest water bottle filler emerges: sports center right past the climbing wall',officialprkrngr,5,0
930314505116041216,2017-11-14 06:00:37,"b'@stoddardmel ,,, Cheese'",officialprkrngr,1,0
930291048760274945,2017-11-14 04:27:24,"b""@prettyboyrising I wanna say receiving but also now I'm thinking about going down on somebody while eating cheese s\xe2\x80\xa6 https://t.co/J35iatC2sL""",officialprkrngr,3,0
930271162491314177,2017-11-14 03:08:23,b'A timely milestone https://t.co/Ua2T0RW9TZ',officialprkrngr,5,0
930260541481693184,2017-11-14 02:26:11,b'@l00eez @discourse_queen @isssssacgray @EastmanEly trans house more like betrayal haus',officialprkrngr,2,0
930260244785012737,2017-11-14 02:25:00,b'@l00eez @discourse_queen @isssssacgray @EastmanEly HEY',officialprkrngr,3,0
930202551051370496,2017-11-13 22:35:45,"b""Alright y'all we're doing this again because it was 50/50 so vote again and rt this for more definitive results\n\nWould you rather give up:""",officialprkrngr,10,10
930186321670258688,2017-11-13 21:31:15,"b""Turns out the two things I dislike most rn are UT's bureaucracy and Reed's bureaucracy!!!!! Just let me graduate sometime y'all""",officialprkrngr,7,0
929404565018914817,2017-11-11 17:44:50,"b'""People who were alive in the year 420 couldn\'t even appreciate it, they didn\'t know how much it meant"" -Delainey,\xe2\x80\xa6 https://t.co/S63flwT94X'",officialprkrngr,8,0
929204559758508032,2017-11-11 04:30:05,b'wood u rather give up',officialprkrngr,1,0
929139497882624000,2017-11-11 00:11:33,"b""Happy Friday I just discovered the ability to take naps I'm a genius""",officialprkrngr,2,0
928830046747344896,2017-11-10 03:41:54,"b""@deadwhalemayor Chase that's not how real math works""",officialprkrngr,1,0
928775150660608001,2017-11-10 00:03:46,"b""I hate combinatorial proofs there's no method to them you just think really hard about the problem until you understand it""",officialprkrngr,4,0
928458578251333632,2017-11-09 03:05:49,b'John ran out of chalkboard space today and just started writing on the wall it was incredible',officialprkrngr,4,0
928362119627661312,2017-11-08 20:42:32,b'why is the room I work in always Freezing',officialprkrngr,1,0
928049772862173185,2017-11-08 00:01:22,"b""I don't think I realized until this year how important a constant supply of scratch paper is""",officialprkrngr,3,0
927925723330895872,2017-11-07 15:48:27,b'If you ever feel bad just remember that the earth is just as attracted to you as you are to it',officialprkrngr,3,0
927782561710972928,2017-11-07 06:19:34,"b""At this point @l00eez and I exclusively interact by tweeting at each other while we're sitting next to each other on the couch""",officialprkrngr,4,0
927775151243931648,2017-11-07 05:50:07,b'@l00eez complain in french',officialprkrngr,1,0
927770356735025153,2017-11-07 05:31:04,"b""RT @merrittk: there's a lot of misconceptions about bisexuals. for instance, 'bisexual' can mean having sex twice a week but also every two\xe2\x80\xa6""",officialprkrngr,0,4119
927730986061664256,2017-11-07 02:54:38,"b'Last wk my boss said something was ""good enough for folk music"" and that\'s Such a good phrase tbh'",officialprkrngr,4,0
927706425186328577,2017-11-07 01:17:02,b'RT @brianhicks: I propose a notifications API modification for improved user experience. https://t.co/PE01g6cp5r',officialprkrngr,0,528
927705518545633280,2017-11-07 01:13:26,"b""RT @thatoneyellow: Can't believe I'm making calls to my congressmen regarding gun control so soon after Vegas, yet here I am. Ring ring Sen\xe2\x80\xa6""",officialprkrngr,0,2
927412096542720002,2017-11-06 05:47:28,"b""if u don't send in ur SAT scores again they're gonna turn Reed back into The Farm From Whence it Came""",officialprkrngr,2,0
927389672724033536,2017-11-06 04:18:22,"b""RT @CardiganAir: Don't forget to register for the Dec 2, 2017 SAT""",officialprkrngr,0,2
926952973674020864,2017-11-04 23:23:05,"b""@l00eez doesn't matter what your answer is they'll show you parks &amp; rec regardless""",officialprkrngr,1,0
926708640798588929,2017-11-04 07:12:12,b'@mit_zit i would Love more of the reasoning behind this',officialprkrngr,1,0
926705997707591681,2017-11-04 07:01:41,b'@l00eez bring me to life by evanescence',officialprkrngr,1,0
925937980333633538,2017-11-02 04:09:52,"b""oh worm, more like... 'stros worm amirite""",officialprkrngr,0,0
925896974724775941,2017-11-02 01:26:55,"b""good news my body learned how to burp on command bad news I haven't stopped burping since May""",officialprkrngr,2,0
925592811164000261,2017-11-01 05:18:17,"b""update: an unsuccessful hunt for both of us, me because my housing circumstances prohibit a cat and her because she didn't get the rat :((((""",officialprkrngr,2,0
925591410119663616,2017-11-01 05:12:43,b'RT @jack_is_a_mess: my kink is npr tweeting out full historical documents and people freaking the fuck out about it',officialprkrngr,0,1
925588357089918976,2017-11-01 05:00:35,b'this is specifically @ the kitty who stopped meowing at our door for a second only to go chase a rat and will soon return for me to pet',officialprkrngr,2,0
925588157873057792,2017-11-01 04:59:48,b'me not around cats: nah im not home consistently enough to take care of a cat\n\nme around cats: im ready to adopt this second where do I sign',officialprkrngr,6,0
925272322629447680,2017-10-31 08:04:47,b'RT @JohnCMohl: Nothing scares me more... https://t.co/tkzE47xLD2',officialprkrngr,0,16619
924814311691665408,2017-10-30 01:44:48,"b""somebody (I think it's henrik) is here singing and they are Beautiful please teach me how to sound like that""",officialprkrngr,3,0
924741105677058048,2017-10-29 20:53:55,b'i rly enjoy how @l00eez and i both have dads who worked in local newspapers and know everything about local elections i just think thats gr8',officialprkrngr,2,0
924575277014847489,2017-10-29 09:54:58,"b""jk tints our I don't love alcohol""",officialprkrngr,1,0
924566721125650432,2017-10-29 09:20:58,b'a) I love alcohol\n\nb) I feel incredibly better after talking to Louise and Io tonight',officialprkrngr,5,0
924124605748412416,2017-10-28 04:04:10,"b""I was ready to sleep at 12 last night but then I was up until 2 saving all my thoughts as tweet drafts including this one you're reading rn""",officialprkrngr,3,0
923988264255594496,2017-10-27 19:02:23,"b""literally I love reading math books and it's a huge fucking shame I don't have the time to do more of it""",officialprkrngr,3,0
923956681360384002,2017-10-27 16:56:53,"b""hey uhh... what the fuck it's gonna be 71 today https://t.co/wyWrCskIFz""",officialprkrngr,5,0
923828096754524161,2017-10-27 08:25:56,"b""my brain has too much in it to sleep right now so y'all are getting a lot of good late-night tweet drafts comin at you tomorrow""",officialprkrngr,5,0
923802255299506176,2017-10-27 06:43:15,b'So next time I need to ...Not make time-/labor-intensive meals on the nights I leave school at 9 because we finish cleaning up at midnight',officialprkrngr,3,0
923799054546432000,2017-10-27 06:30:32,"b""@whaleologist once you try the hagaromo nothing else lives up to it tbh, it writes clean and doesn't leave chalk dust all over ur hands""",officialprkrngr,1,0
923592242362589184,2017-10-26 16:48:44,b'@prettyboyrising tbh if this is right I owe you dinner',officialprkrngr,1,0
923444494468464640,2017-10-26 07:01:38,b'anyway this was mostly to write my thoughts down but also partly if u have any tips for dealing with stuff like this pls!!!! help a guy out',officialprkrngr,1,0
923444302583283712,2017-10-26 07:00:53,b'im not taking care of my body and im not taking care of my brain and im not taking care of my commitments and I need to be better at these',officialprkrngr,1,0
923442655995969537,2017-10-26 06:54:20,b'its an overload and everything goes to shit why is my Brain overloading and how do i fix it',officialprkrngr,1,0
923442415167422464,2017-10-26 06:53:23,b'too much thought and too much planning and im barely handling my weekly responsibilities and anytime something out of the ordinary comes up',officialprkrngr,1,0
923442221700980736,2017-10-26 06:52:37,"b""like my mid-/long-term memory has always been Not Good but this is a new low and I don't know a way out of it and everything is too much""",officialprkrngr,1,0
923441928632352774,2017-10-26 06:51:27,"b""it feels like my brain is filling up it feels like i can only comprehend what's happening in the 5 minutes on either side of the present""",officialprkrngr,2,0
923381403399553024,2017-10-26 02:50:56,b'Somebody teach me how to remember dates better like... birthdays... anniversaries... holidays... pls',officialprkrngr,0,0
923227491631640576,2017-10-25 16:39:21,"b'I need a reminder that goes off when I get somewhere on my bike and tells me to take off my helmet, 9/10 times I walk off with it still on'",officialprkrngr,4,0
923079553651634176,2017-10-25 06:51:30,"b""why does the point in the semester when I realize I've overcommitted myself always come after the point when I'm not able to drop things""",officialprkrngr,9,0
922872315460837377,2017-10-24 17:08:00,b'things to remember every day: there are things other than your weekly hw that are important and worth your time jay!!!',officialprkrngr,11,0
922867427444002816,2017-10-24 16:48:35,"b""can't listen to that song, it's from when I was much sadder about this issue a few months ago and I probably will be again in a few months""",officialprkrngr,4,0
922854691326660608,2017-10-24 15:57:58,b'Up ur oatmeal game by throwing a little trail mix in there',officialprkrngr,2,0
922724616430219265,2017-10-24 07:21:06,"b""there's a good little crew of people I went to high school with who are out now and we all send around the same posts 8 times it's great""",officialprkrngr,6,0
922679088220749824,2017-10-24 04:20:11,b'@bilvybee rt',officialprkrngr,0,0
922679074249523200,2017-10-24 04:20:08,b'RT @bilvybee: Ayn Rand School For Thots is probably the funniest thing ive seen since like 2008',officialprkrngr,0,1
922657193891004416,2017-10-24 02:53:11,"b""RT @GrantTanaka: Nietzsche: God is dead\nGod: Nietzsche is dead\n[they both turn to camera]\nTHAT'S RIGHT, WE'RE DEAD SERIOUS ABOUT OUR MATTRE\xe2\x80\xa6""",officialprkrngr,0,5883
922517073317654528,2017-10-23 17:36:24,b'*finally* getting my shit together on when im gonna graduate this school and I could not be simultaneously more relieved/exhausted/terrified',officialprkrngr,8,0
922346267979653120,2017-10-23 06:17:41,b'RT @ahngelras: damn the years truly do start coming and dont stop coming dont they',officialprkrngr,0,2
922312999037046784,2017-10-23 04:05:29,b'RT @dpalaci0s: So this is what the World Series comes down to https://t.co/dZkNLxzcHS',officialprkrngr,0,11944
922312892057133056,2017-10-23 04:05:03,"b""I'm so glad my hausmates are back and school is in tbh we let this place go to shit over break""",officialprkrngr,3,0
921970598175113217,2017-10-22 05:24:54,"b""Good night\nSleep tight\nDon't let the bedbugs bite\nIf you don't\nI don't care\nI'll pull down your underwear""",officialprkrngr,4,0
921967788050149377,2017-10-22 05:13:44,"b'imagine... if u will... at the side of your bed... you have a table... with a bunch of little swords,,, a knifestand... if u will... imagine'",officialprkrngr,5,0
921922066747506688,2017-10-22 02:12:03,b'@BeyPenguen @mememing_mia Talk to Raina for advice',officialprkrngr,1,0
921439731409289217,2017-10-20 18:15:26,b'@brianna_fogel Let me have my sweaters in peace ok bby',officialprkrngr,0,0
921417830578274305,2017-10-20 16:48:24,b'Woke up with my heart pounding in the middle of the night because dream jay was getting destroyed at jeopardy',officialprkrngr,11,0
921416776323252225,2017-10-20 16:44:13,b'RT @ClickHole: Getting Out Of Hand: The Children In This Sunday School Class Are Overwhelmingly Siding With Pontius Pilate https://t.co/FUC\xe2\x80\xa6',officialprkrngr,0,208
920843840050798592,2017-10-19 02:47:34,b'@thatoneyellow Thank you for raising alligator awareness',officialprkrngr,2,0
920815308117389312,2017-10-19 00:54:12,b'RT @OttoFernandez: FELLAS: you goin down on a lady for the 1st time and instead of a clit she has a piece of candy corn. Wyd?',officialprkrngr,0,13
920806082506670080,2017-10-19 00:17:32,b'@thatoneyellow que embarazoso',officialprkrngr,1,0
920792231207780353,2017-10-18 23:22:30,"b""@thatoneyellow oh lol I didn't even realize those were related""",officialprkrngr,0,0
920785840598585345,2017-10-18 22:57:06,b'@thatoneyellow .chomp',officialprkrngr,1,0
920702012697722880,2017-10-18 17:24:00,"b""literally I can't wait to get a cat subtweet @ my landlord subsubtweet @ the god who gave my housemate a cat allergy""",officialprkrngr,6,0
920355105093820417,2017-10-17 18:25:31,b'love that new underwear feeling \xf0\x9f\x98\xbb',officialprkrngr,4,0
920068078502789120,2017-10-16 23:24:58,"b""My bike geek boss complimented my bike today so I'm basically set for the week""",officialprkrngr,3,0
919802643815415808,2017-10-16 05:50:14,"b""@whiselles Literally I don't have a dinner break on orchestra nights so Jasper and I do this to eat""",officialprkrngr,1,0
919800973962371072,2017-10-16 05:43:35,"b""I've never felt more wistful and patriotic for the former Soviet Union in my LIFE""",officialprkrngr,1,0
919800639734956032,2017-10-16 05:42:16,"b""Dmitri Dmitriyevich Shostakovich got me crying in the club rn y'all""",officialprkrngr,2,0
919664838137094144,2017-10-15 20:42:38,"b'high school for me was just that scene in stranger things where nancy comes home late/gets chewed out then her mom asks ""is steve ur bf now""'",officialprkrngr,4,0
919652709766008832,2017-10-15 19:54:26,b'Yesterday I watched a crow drop a nut from high up multiple times to break it open like... how mama nature do that',officialprkrngr,3,0
919442766316257281,2017-10-15 06:00:12,b'My sister literally told me on the phone that in a year I can drink like... yah girl I known',officialprkrngr,2,0
919293308106563584,2017-10-14 20:06:18,b'@bilvybee Wat',officialprkrngr,0,0
918748059000958976,2017-10-13 07:59:41,b'@bilvybee Go for the cuddle &amp; watch a movie move',officialprkrngr,0,0
918737647123668992,2017-10-13 07:18:19,b'@bilvybee Oh worm',officialprkrngr,0,0
918130398072266752,2017-10-11 15:05:19,"b'RT @tomwalkerisgood: As his name is not ""Biggest Bird"", we are to understand that Sesame Street is home to at least one, perhaps more, trul\xe2\x80\xa6'",officialprkrngr,0,55967
917986320932331523,2017-10-11 05:32:48,"b""RT @relsqui: I can't stop giggling at this. https://t.co/MuN8XRjaMl""",officialprkrngr,0,196
917986062500352001,2017-10-11 05:31:47,b'Really appreciate my hausm8s on .This night',officialprkrngr,3,1
917972833380298752,2017-10-11 04:39:13,b'@discourse_queen @l00eez This is too good holy cow',officialprkrngr,2,0
917939481235165185,2017-10-11 02:26:41,b'@CardiganAir Schubert Challenge 2017',officialprkrngr,0,0
917892808572248064,2017-10-10 23:21:13,b'@prettyboyrising oh .worm',officialprkrngr,1,0
917852482692300800,2017-10-10 20:40:59,b'Ipsita said I looked very country boy today and it turns out she was just referring to this graphic https://t.co/OYkQCQfe5m',officialprkrngr,12,1
917808713032859648,2017-10-10 17:47:03,b'Somebody bring me pictures of Spider-Man',officialprkrngr,2,0
917791980972687360,2017-10-10 16:40:34,b'@l00eez blaze it',officialprkrngr,0,0
917518661908258817,2017-10-09 22:34:30,"b""Commons has had this tech for at least a year it's just called the mirror by the scrounge https://t.co/JP8J9AxU3o""",officialprkrngr,4,0
917447185318346753,2017-10-09 17:50:28,"b'And so we evenly ridicule everybody in the house yesterday I called a beetle a ""big horny boy"" like a great horned beetle, didn\'t think good'",officialprkrngr,6,0
917436156194603008,2017-10-09 17:06:39,"b'okay ya\'\'ll I told @l00eez to have a good day earlier and they said ""and with your spirit"" like come on'",officialprkrngr,8,1
917255360985014273,2017-10-09 05:08:14,"b'.@CardiganAir on this October 8th: ""there are only two seasons: pre- and post-Christmas, and both are the right time to sing carols""'",officialprkrngr,4,0
917250860907880448,2017-10-09 04:50:21,b'number 11 is definitely about me this wk',officialprkrngr,0,0
917050257095114752,2017-10-08 15:33:13,"b""RT @mountain_goats: never been closer to a full back tattoo than seeing this picture and knowing there's a studio just a block from here ht\xe2\x80\xa6""",officialprkrngr,0,517
916785486030561280,2017-10-07 22:01:07,b'@l00eez Babe no :////////// https://t.co/F53sm3qkNF',officialprkrngr,2,0
916748498002788353,2017-10-07 19:34:08,"b""I wanna meet my soulmate when we're both pulling the same ivy vine like in lady and the tramp""",officialprkrngr,7,0
916700804395892736,2017-10-07 16:24:37,"b'also I had totally forgotten that el*n m*sk started tesla like in my head he was jsut ""that weird rich tech guy"" until yesterday'",officialprkrngr,6,0
916697388835790848,2017-10-07 16:11:03,"b'being a stats major is like that fob line ""I only think in the form of crunching numbers"" except you can\'t do basic addition on a given day'",officialprkrngr,8,0
916455942455123969,2017-10-07 00:11:38,b'case in point https://t.co/s55psPSPQG',officialprkrngr,4,0
916455752222392320,2017-10-07 00:10:52,b'any1 on this site know why case law articles only take up like 40% of the horizontal space on the page',officialprkrngr,1,0
916351515165548544,2017-10-06 17:16:40,b'Why is this man discussing his health issues in detail in the liblob please stop I just wanna read my newspaper in peace',officialprkrngr,2,0
916323316348022785,2017-10-06 15:24:37,"b""Okay y'all why is nothing you hear again from a band ever as good as the first song/album you hear?""",officialprkrngr,2,0
916156643653459968,2017-10-06 04:22:19,b'@whiselles o rly',officialprkrngr,1,0
916156326417383424,2017-10-06 04:21:04,"b'@whiselles @prettyboyrising @annavrrgs Tbh maybe if your name here wasn\'t ""young sheldon"" you would get fewer sent to you'",officialprkrngr,2,0
916155790943125509,2017-10-06 04:18:56,b'@whiselles best friends',officialprkrngr,2,0
915952694455439360,2017-10-05 14:51:54,"b'RT @bshoup: Monster Mash huh. imo, the real ""graveyard smash"" was when our Lord &amp; Savior Jesus Christ rolled away the stone on that gloriou\xe2\x80\xa6'",officialprkrngr,0,134
915829502239924224,2017-10-05 06:42:23,b'@whiselles buz',officialprkrngr,3,0
915762463634685953,2017-10-05 02:16:00,b'So last week stress-wise I felt like fall break could come even later and now I want it to be tomorrow so uhh what up with that change',officialprkrngr,1,0
915652048846123008,2017-10-04 18:57:15,b'Slowest water bottle filler: lib 1st floor\nFastest water bottle filler: ETC 1st floor\nReply if u disagree',officialprkrngr,5,0
915282271766056960,2017-10-03 18:27:53,b'ngl who wants in on election czar w/ me',officialprkrngr,2,0
915019453003292672,2017-10-03 01:03:32,b'RT @Kaibutsu: Brother kicked that double standard right in the teeth. https://t.co/iWlUOMcqVl',officialprkrngr,0,92977
913825580516229120,2017-09-29 17:59:31,b'sidebar what is it about boots that make ur brain do the thing somebody please tell me',officialprkrngr,3,0
913825489474658304,2017-09-29 17:59:09,b'love when it rains bc I get to wear boots and boots make my brain do the thing',officialprkrngr,3,0
913647151661555717,2017-09-29 06:10:30,b'Best part of a new year is a new round of cute people (and dogs) walking around campus',officialprkrngr,3,0
913646425275166720,2017-09-29 06:07:37,b'@l00eez wow babe ur so rite',officialprkrngr,0,0
913645979517149185,2017-09-29 06:05:50,"b'RT @thatoneyellow: Imagine people complexly, especially those who you dislike and /especially/ those who you dislike and never met'",officialprkrngr,0,1
913608001184972802,2017-09-29 03:34:56,b'If you like this tweet press the little heart pls',officialprkrngr,13,0
913207367998648320,2017-09-28 01:02:57,b'@whiselles How inconsiderate',officialprkrngr,1,0
912897662894186496,2017-09-27 04:32:18,"b'Me, explaining a joke: ""okay, so the bit is...""\n\nMe, explaining an important concept the students need to remember: ""okay, so the bit is...""'",officialprkrngr,8,0
912880024155389953,2017-09-27 03:22:12,b'This is about me both metaphorically and literally https://t.co/wm5JmJdScc',officialprkrngr,1,0
912779201324785664,2017-09-26 20:41:34,"b""RT @PhilipNByrne: SCIENTIST: Let's name this spider Long Legs, for its long legs\n\nSCIENTIST 2: Hmm not kinky enough""",officialprkrngr,0,130473
912112321173925888,2017-09-25 00:31:38,"b'Thus, the only way to stay clean is to waddle half-naked straight from the toilet to the sink, then pull ur pants up after washing ur hands\xf0\x9f\x94\xb2'",officialprkrngr,0,0
912111837251960832,2017-09-25 00:29:42,"b'But pulling up your pants/skirt/romphim/whatever just gets those germs onto your pants now, so ya still nasty'",officialprkrngr,0,0
912111675683123200,2017-09-25 00:29:04,"b""Alright fellas, we all know there's some sort of logic behind washing your hands after using the bathroom right? Dirty hands before washing""",officialprkrngr,1,0
911790554068934656,2017-09-24 03:13:02,"b""RT @boomfisted: im rating doctor eggman's designs from least to most horny. This is probably not the thread you wanted to read at 2:00 but\xe2\x80\xa6""",officialprkrngr,0,5452
911704392826368000,2017-09-23 21:30:40,b'RT @skelterheIter: please consider https://t.co/aF46JjVA4K',officialprkrngr,0,8589
911704041561796608,2017-09-23 21:29:16,b'@l00eez Following',officialprkrngr,0,0
911423120048668672,2017-09-23 02:52:59,"b'@prettyboyrising How do you say it uhh, incredible'",officialprkrngr,1,0
911268942114562050,2017-09-22 16:40:21,"b'""Can you even imagine a baby named dale?"" -@l00eez'",officialprkrngr,5,1
910996460996399104,2017-09-21 22:37:36,"b""when prof writes var(\xcf\xb5) but doesn't write the tail of the a long enough so it just looks like vor(e)""",officialprkrngr,5,0
910765488967360513,2017-09-21 07:19:48,"b'@plumpuddingmodl excellent post, 1!'",officialprkrngr,0,0
910566559311003648,2017-09-20 18:09:19,b'Each semester I set a new personal record for Fewest Number of Days Before I Skip a Class to Do Homework for Another Class\xe2\x84\xa2',officialprkrngr,3,0
910393149473808384,2017-09-20 06:40:15,"b""@whiselles Hey @Twitter I think it's time we bring out the angery react""",officialprkrngr,2,0
910386170034495489,2017-09-20 06:12:31,b'@hannah_maeow @whiselles',officialprkrngr,2,0
910377433672626176,2017-09-20 05:37:48,b'RT @CardiganAir: RT to replace the \xe2\x80\x9cReed College\xe2\x80\x9d banner in Kaul with an identical one that says \xe2\x80\x9cPortland Recycles!\xe2\x80\x9d',officialprkrngr,0,1
910371831357591553,2017-09-20 05:15:33,"b""@prettyboyrising Nah it's just the one person who owns both a straw boating cap and a top hat""",officialprkrngr,2,0
910310389606313984,2017-09-20 01:11:24,b'No class breaks we die of hunger like men',officialprkrngr,11,1
910283462849961984,2017-09-19 23:24:24,b'@bilvybee Where the funeral at',officialprkrngr,1,0
909869927741325312,2017-09-18 20:01:09,"b'RT @JayRock5858: As I threatened to, I have drawn a 4D horse. A hyperhorse, if you will. https://t.co/8bGNnedQav'",officialprkrngr,0,2660
909861277681434624,2017-09-18 19:26:47,b'RT @NSLCpunk: Nothing is real. https://t.co/zhARHBGEDU',officialprkrngr,0,7909
909213373400719360,2017-09-17 00:32:15,"b'Overheard: ""I really like that song Laundry Room, by the Avett Brothers"" except the A pronounced like ""apple""\n\n@thatoneyellow'",officialprkrngr,1,0
908736513352941568,2017-09-15 16:57:22,b'RT @NoncontactPedo: mast\xc3\xabr may I have some b\xc3\xab\xc3\xabts https://t.co/eohsCgEICE',officialprkrngr,0,487
908347371716624389,2017-09-14 15:11:04,"b""RT @figgled: Before u leave the house, think of the acronym 'WOWEE'\n\nWallet \nphOne\nWkeys \nEgg \nEgg (backup)""",officialprkrngr,0,63423
908160724970520576,2017-09-14 02:49:24,b'RT @thatoneyellow: Leibniz took 20 years to prove this stuff so I would like a 20 year extension on my math analysis homework please thanks',officialprkrngr,0,2
907860557524459520,2017-09-13 06:56:38,b'@whiselles okay siri how do I delete tweeter',officialprkrngr,1,1
907839190355890177,2017-09-13 05:31:44,b'@l00eez PLEASE teach me more about this later',officialprkrngr,1,0
907815557004615681,2017-09-13 03:57:49,b'@whiselles hey op uhh what kind of deals can u get me on eye bleach',officialprkrngr,2,0
907057202631979008,2017-09-11 01:44:24,"b'RT @Alistair_Murray: Our dishwasher opening sounds like the first note of pop masterpiece ""Run Away with Me"" (2015) https://t.co/YvrAuMEsYF'",officialprkrngr,0,3879
907022038010695681,2017-09-10 23:24:40,"b""RT @roywoodjr: Is there a Weather Reporter Fantasy League? If so I'm taking this dude first pick https://t.co/M0G467dXOf""",officialprkrngr,0,420
906632866737434625,2017-09-09 21:38:14,b'@mit_zit Left as an exercise for the reader',officialprkrngr,2,0
905860567986044930,2017-09-07 18:29:24,"b""The hotdog/sandwich debate is really just an application of Plato's theory of forms""",officialprkrngr,1,0
905098546730352640,2017-09-05 16:01:24,b'RT @4danlopez: Schoolgirl pulls 4ft sword from Cornish lake https://t.co/41spSqrWKI https://t.co/HCsP29M4bR',officialprkrngr,0,7543
904500226311954433,2017-09-04 00:23:53,"b""If you cut the sides off a burrito so it's just a tortilla chunk on top and bottom of the filling, is it""",officialprkrngr,0,0
904465149435580416,2017-09-03 22:04:30,b'This tweet brought to you by the letter J and the number 3',officialprkrngr,2,0
904188830957289473,2017-09-03 03:46:30,"b""This is the correct answer but damn y'all aren't playing around on this one""",officialprkrngr,3,0
903816092161675265,2017-09-02 03:05:23,b'Would u rather',officialprkrngr,0,0
903709879017193472,2017-09-01 20:03:19,"b'RT @Hello_Tailor: ""all-female Lord of the Flies remake"" SOUNDS LIKE SOMEONE MISSED THE FUUUUUCKIN POINT OF LORD OF THE FLIES'",officialprkrngr,0,14997
903696076070297600,2017-09-01 19:08:29,b'Turns out waking up 30 minutes before class is cool when you live on campus but not when you live 1.5 miles away and your bike tire is flat',officialprkrngr,4,0
902801616281018368,2017-08-30 07:54:13,"b'RT @historyinflicks: There\'s no such thing as ""looting"" for food during a days-long natural disaster. It\'s just called eating.'",officialprkrngr,0,4855
902767565793103872,2017-08-30 05:38:54,b'Dammit this was supposed to say sweatiest',officialprkrngr,1,0
902754842678087682,2017-08-30 04:48:21,b'Other top 3 are capoeira and drum corps ooh boy',officialprkrngr,2,0
902754740982951936,2017-08-30 04:47:57,"b""Zumba officially top 3 steadiest moments of my life also moral of the story don't do Zumba on a full stomach it'll hate you afterwards""",officialprkrngr,3,0
902663565307404288,2017-08-29 22:45:39,b'@bilvybee JUG do it',officialprkrngr,1,0
902630252366532608,2017-08-29 20:33:16,b'@bilvybee Shave',officialprkrngr,0,0
902329988585725952,2017-08-29 00:40:08,b'@bilvybee oh worm',officialprkrngr,0,0
902195457631256576,2017-08-28 15:45:33,b'RT @morten: @realDonaldTrump You revoked Obama\xe2\x80\x99s executive order 13690 on establishing a federal flood risk management standard and process\xe2\x80\xa6',officialprkrngr,0,1646
901993762418593792,2017-08-28 02:24:05,"b""RT @brianklaas: It's extremely weird how Trump's tweets on Harvey convey no empathy or recognition that many people are dying or having the\xe2\x80\xa6""",officialprkrngr,0,15977
901956820511506432,2017-08-27 23:57:18,"b""@mialeung26 Oh worm what's up""",officialprkrngr,0,0
900500280420188160,2017-08-23 23:29:31,b'RT @NPRrussell: Federal Judge Permanently Blocks Texas Voter ID Law (by @mattlargey via @KUT) https://t.co/s562KxAvN7',officialprkrngr,0,61
900438362728812544,2017-08-23 19:23:29,"b""RT @SeanMcElwee: If you're frantically trying to buy eclipse glasses right now, you'll understand why 30 day registration deadlines reduce\xe2\x80\xa6""",officialprkrngr,0,44789
899801905945124865,2017-08-22 01:14:26,"b""We can't top this https://t.co/TIW9vqLx6H""",officialprkrngr,3,0
899797891702702081,2017-08-22 00:58:29,"b""straight up it took 7 hours to drive back from Salem we should've just biked""",officialprkrngr,0,0
899506316971958272,2017-08-21 05:39:52,"b'@l00eez How many legs exactly is ""some""'",officialprkrngr,1,0
899408770979184640,2017-08-20 23:12:15,b'@bilvybee Me rn https://t.co/bG9iL8Hdim',officialprkrngr,1,0
899155335121747968,2017-08-20 06:25:12,b'Okay is the a in Raffi pronounced',officialprkrngr,0,0
899064668332765184,2017-08-20 00:24:55,"b'Come on Eileen but ""this is Eugene""'",officialprkrngr,5,0
899052825623183360,2017-08-19 23:37:51,b'@l00eez HURRY! Up!',officialprkrngr,1,0
898582865016889344,2017-08-18 16:30:24,"b'""Far white... oops, I mean far right"" good one npr'",officialprkrngr,3,0
898017603540492288,2017-08-17 03:04:15,"b""y'all what if Area 51 was just a stretch of highway where the speed limit was 51 mph""",officialprkrngr,5,0
897994166394691584,2017-08-17 01:31:07,"b""Real talk who's that person""",officialprkrngr,0,0
897617561604456448,2017-08-16 00:34:38,b'Would you drink Bud Light + Clamato',officialprkrngr,1,0
896447605433040897,2017-08-12 19:05:38,"b""RT @FlorianVltmn: Here's a good thread https://t.co/twnoajZXCm""",officialprkrngr,0,18
896132279633813504,2017-08-11 22:12:39,"b""Y'all this isn't decisive enough I need a better answer""",officialprkrngr,0,0
896036570532327427,2017-08-11 15:52:20,"b""I drove my little sister and her friend to rehearsal yesterday and based on the small talk I tried to make I'm 100% turning into my dad""",officialprkrngr,3,0
895875697503117312,2017-08-11 05:13:05,b'So those photos are out at my house but we found a box full of old pics and I was so happy all night looking through them',officialprkrngr,1,0
895777279992889345,2017-08-10 22:42:00,b'@l00eez @CardiganAir The takeaway from this is that my eyebrows have always been incredible',officialprkrngr,0,0
895747112624947200,2017-08-10 20:42:08,"b""@l00eez @CardiganAir feat. half of each of my great-grandmothers' faces""",officialprkrngr,1,0
895746950699659264,2017-08-10 20:41:29,"b""Y'all asked for baby photos months ago and I'm home now so uhh,,, @l00eez @CardiganAir here ya go I was adorable https://t.co/1AjBScxYPG""",officialprkrngr,5,0
895501274464047104,2017-08-10 04:25:16,"b""Edit: that second one's supposed to say nay""",officialprkrngr,1,0
895365651652542465,2017-08-09 19:26:21,"b'Okay y\'all do I make a ""business tweeter"" and make this one my shitter'",officialprkrngr,0,0
895362401570344960,2017-08-09 19:13:26,"b""Ain't nobody out here trying to promo me harder then the Gronkster https://t.co/FzXbklgyMm""",officialprkrngr,3,0
895024261680828416,2017-08-08 20:49:47,b'wow I cant believe Portland and Houston have exactly opposite rainy seasons',officialprkrngr,3,0
894881374116511744,2017-08-08 11:22:00,b'RT @stamms45: I need these pants so a man can open them up and eat me like a god damn Babybel cheese https://t.co/YiYHTq5Qqv',officialprkrngr,0,28786
894699480066400258,2017-08-07 23:19:13,b'@oh_boy_its_noah oh my god',officialprkrngr,3,0
893938747653242880,2017-08-05 20:56:20,"b'This phrase has the same structure as ""bone hurting juice""\n\nWhat is it? Liquid that washes your dishes https://t.co/uu6hfPPx6G'",officialprkrngr,6,0
893909816568971264,2017-08-05 19:01:22,"b""@mialeung26 He didn't even get the conference hashtag right ://///""",officialprkrngr,0,0
893685392121053186,2017-08-05 04:09:36,b'Honestly what an interaction https://t.co/BLnumvq8XI',officialprkrngr,9,0
893484888233398272,2017-08-04 14:52:52,"b""RT @trimet: We'll be collecting fares as usual (sorry), and trains may slow down due to heat in the afternoon. Thanks for riding!""",officialprkrngr,0,15
893301059963174912,2017-08-04 02:42:24,b'@hannah_maeow @oh_boy_its_noah NEW SECONDARY GOAL',officialprkrngr,2,0
893276074955620355,2017-08-04 01:03:07,b'Honestly? I want somebody in this life to love me as much as @oh_boy_its_noah loves Millie',officialprkrngr,8,0
893246326187491328,2017-08-03 23:04:54,b'RT @ProBirdRights: mammal think they so great with the local milk people well introduting Bird Milk. Bird Milk\xc2\xae\xc2\xa9: It Is From Birds?',officialprkrngr,0,1900
892978268533538817,2017-08-03 05:19:44,"b""@bilvybee Oh worm tell her I said hi, that'll throw her off some""",officialprkrngr,1,0
892971920857079808,2017-08-03 04:54:31,b'@bilvybee a/ did this actually happen\n\nb/ this was the best possible way for this to happen',officialprkrngr,1,0
892614477299892224,2017-08-02 05:14:10,"b""RT @morgsucks: RIP to the APUSH students in 2050 gonna have to know all the Trump admin's cabinet/replacements/replacements replacements fo\xe2\x80\xa6""",officialprkrngr,0,63158
892558958187040768,2017-08-02 01:33:33,"b""Follow up thought: this could be a new method for dt. If you don't like someone's tweets, just hire them as comm director""",officialprkrngr,1,0
892554433959088128,2017-08-02 01:15:34,"b'And to think, Mooch had all that transparency in deleting all his previous tweets for naught'",officialprkrngr,1,0
892493735740686336,2017-08-01 21:14:22,b'Barold Bee Benson',officialprkrngr,1,0
892385358263926786,2017-08-01 14:03:43,b'camel_case\n\nSnakeCase',officialprkrngr,0,0
892378162008530944,2017-08-01 13:35:08,"b""RT @excitedstate: You know that's not what I meant, @Wolfram_Alpha https://t.co/mdN6cCp4dE""",officialprkrngr,0,4057
892177841650925568,2017-08-01 00:19:07,b'Mr. Clean can work his magic #InTheShower any time. https://t.co/Y6bEeHzVlA\n\nWhat a campaign honestly',officialprkrngr,0,0
892085401518710784,2017-07-31 18:11:48,b'product idea: USB-powered fidget spinner\n\nwhen you plug it in it spins\n\ncould also have file storage capabilities if demand warrants it',officialprkrngr,3,0
892039467321630720,2017-07-31 15:09:16,b'RT @NOTORIOUSAALI: if I\xe2\x80\x99m bilingual doesn\xe2\x80\x99t that imply that there are only two languages ?? https://t.co/LWXiesJSdn',officialprkrngr,0,53516
891858086616473600,2017-07-31 03:08:32,b'RT @duckyaisha: This is a:\n- Menelaus positive twitter \n- Aeneas positive twitter',officialprkrngr,0,3
891098656392200192,2017-07-29 00:50:50,"b""@hannah_maeow I should have known this was coming, it's just like that chipotle-aristotle post""",officialprkrngr,1,0
891098151465111553,2017-07-29 00:48:49,b'@hannah_maeow Honestly this ones even funnier to say out loud thank you for this \xf0\x9f\x91\x8d\xf0\x9f\x8f\xbd\xf0\x9f\x98\xbb\xf0\x9f\x8d\x85',officialprkrngr,1,0
891097818651217921,2017-07-29 00:47:30,b'@oh_boy_its_noah \xe2\x9d\xa4\xef\xb8\x8f\xf0\x9f\x92\x9b\xf0\x9f\x92\x9a\xf0\x9f\x92\x99\xf0\x9f\x92\x9c',officialprkrngr,1,0
890940138771042305,2017-07-28 14:20:56,"b""Update: this applies to everyone who's not currently within 10 feet of me! But also specifically my people not in/coming to pdx""",officialprkrngr,0,0
890809928310415360,2017-07-28 05:43:32,"b""In other news: I love my friends! And I'm really disappointed we live in different places at this stage of our lives""",officialprkrngr,10,0
890687883547353088,2017-07-27 21:38:34,"b""Hopping on @Esra2k17 for the day, check out my (and others') conference highlights""",officialprkrngr,0,0
890380504590991360,2017-07-27 01:17:09,"b'Steiny called me ""buddy boy"" today like ;;;okay then'",officialprkrngr,3,0
890269035018895360,2017-07-26 17:54:13,b'Phonathon but pronounced like Jonathan',officialprkrngr,5,0
889933254823862273,2017-07-25 19:39:56,"b""RT @kenklippenstein: GOP: Come over\n\nMCCAIN: I can't, I have brain cancer\n\nGOP: We need your vote to strip millions of their health coverag\xe2\x80\xa6""",officialprkrngr,0,34301
889737620099547136,2017-07-25 06:42:33,"b""RT @JayKenMinaj: 17 years has me the fuck crying. Obama wasn't even president for 17 fucking years. https://t.co/2TJnC8lQYJ""",officialprkrngr,0,117882
889664556322103297,2017-07-25 01:52:14,"b""me, realizing my summer of wearing shorts to work doesn't apply to the conference we're hosting:""",officialprkrngr,0,0
889626923458076672,2017-07-24 23:22:41,"b""Alright folks I need some joke questions for this survey what y'all got""",officialprkrngr,1,0
888840115782533120,2017-07-22 19:16:12,"b'""Full transparency: you\'re never going to be able to learn anything about this operation""'",officialprkrngr,1,0
888839926518652929,2017-07-22 19:15:26,"b'Like anything could be called ""transparency"" as long as you tell people about it'",officialprkrngr,1,0
888839553825464320,2017-07-22 19:13:58,"b'I may not know much but I\'m pretty sure this is the exact opposite of what ""transparency"" means https://t.co/WOWbQ6uts0'",officialprkrngr,1,0
888823359345016832,2017-07-22 18:09:37,b'@bilvybee real gamers only like this tweet',officialprkrngr,1,0
888822111959040000,2017-07-22 18:04:39,b'@bilvybee jim',officialprkrngr,1,0
888819669896904704,2017-07-22 17:54:57,b'@bilvybee JIM',officialprkrngr,1,0
888156723910918144,2017-07-20 22:00:38,b'Instagram -&gt; Finsta\n\nTwitter -&gt; Shitter\n\nDiscuss.',officialprkrngr,6,0
888130352983625730,2017-07-20 20:15:51,b'@bilvybee I may not support corporate but I support them',officialprkrngr,1,0
888127078301810688,2017-07-20 20:02:50,b'@bilvybee What kind of. business do they do',officialprkrngr,1,0
888126866799841286,2017-07-20 20:02:00,b'Not for dinner or breakfast.. lunch only',officialprkrngr,2,0
888126785312833536,2017-07-20 20:01:40,b'Love me a good lunch plum',officialprkrngr,2,0
887348145037770752,2017-07-18 16:27:38,b'Also in bad news guess who left his favorite shorts in Santa Cruz \xf0\x9f\x91\xbf\xf0\x9f\x98\xa1\xf0\x9f\x91\xbf\xf0\x9f\x98\xa1\xf0\x9f\x91\xbf\xf0\x9f\x98\xa1\xf0\x9f\x91\xbf',officialprkrngr,1,0
887170224646115328,2017-07-18 04:40:39,"b""I've started noticing when my flight's super close because I see the IKEA sign out the window""",officialprkrngr,2,0
886803344714379264,2017-07-17 04:22:48,"b""RT @sarahmquinlan: I don't know how @JoeNBC thinks if he pretends he never propped up Trump, everyone else will forget it - let's run throu\xe2\x80\xa6""",officialprkrngr,0,821
886253964504711168,2017-07-15 15:59:45,"b""Tristan's house is so cold and now I understand why he kept his room that frigid all year""",officialprkrngr,0,0
885692654456979456,2017-07-14 02:49:18,"b""@oh_boy_its_noah Joke's on you I was outside but bring ice cream""",officialprkrngr,0,0
885684354822807556,2017-07-14 02:16:20,b'@oh_boy_its_noah Say it to my face why wontcha',officialprkrngr,0,0
885629472170364928,2017-07-13 22:38:15,"b""Alright I'm writing a survey for work that's gonna be given to Reedies at some point so uhh hit me with things you might wanna know""",officialprkrngr,0,0
885511777529634816,2017-07-13 14:50:34,"b""Programming used to scare me until I realized it's a little initial learning and then a lot of googling stuff no matter how good you are \xf0\x9f\xa4\xa0\xf0\x9f\xa4\xa0\xf0\x9f\xa4\xa0""",officialprkrngr,2,0
885358668807454721,2017-07-13 04:42:10,"b'Petition to only refer to that street/district as ""The \'stock"" from now on'",officialprkrngr,2,0
885257969977262080,2017-07-12 22:02:01,b'@valmlim NICE',officialprkrngr,0,0
884901278056239105,2017-07-11 22:24:40,b'Thank you Shell for this reassurance https://t.co/XYh7XcJ8oQ',officialprkrngr,3,0
884528714687459328,2017-07-10 21:44:13,"b'Background: ""it"" is an audition next month and I haven\'t played my horn since April'",officialprkrngr,0,0
884522770708676608,2017-07-10 21:20:36,b'Should I do it',officialprkrngr,0,0
884286992132882432,2017-07-10 05:43:42,b'@prettyboyrising You Know You Had To Do It To Em',officialprkrngr,0,0
883921809694904321,2017-07-09 05:32:36,"b""The real liberal agenda is Mowgli's gay interracial dads saving him from the angry monkey society""",officialprkrngr,0,0
883723334969511936,2017-07-08 16:23:56,b'@bilvybee \xf0\x9f\x91\xbf\xf0\x9f\x98\xa1\xf0\x9f\x91\xbf\xf0\x9f\x98\xa1\xf0\x9f\x91\xbf',officialprkrngr,1,0
883176764603719680,2017-07-07 04:12:03,"b'Alright, somebody had to come out and say it: Seth Grayson from HoC is just the grown up version of the ""waow"" guy\xe2\x80\xa6 https://t.co/Ca9D0atww8'",officialprkrngr,3,0
883124515269623808,2017-07-07 00:44:26,b'ow oof my bones',officialprkrngr,2,0
883044789297401857,2017-07-06 19:27:38,b'@IsZeQueer \xf0\x9f\x91\xbf\xf0\x9f\x98\xa1\xf0\x9f\x91\xbf\xf0\x9f\x98\xa1\xf0\x9f\x91\xbf I work hard for you people every day and this is how you repay me \xf0\x9f\x8d\x85\xf0\x9f\x8d\x85',officialprkrngr,1,0
882979754617454592,2017-07-06 15:09:13,"b'Less then or equal to &lt;= lequals\n\nGrequals &gt;= greater than or equal to\n\nUsage: *4 &gt;= 3* becomes ""Four grequals 3""\n\nDiscuss.'",officialprkrngr,11,0
882824427465060353,2017-07-06 04:52:00,"b'@bilvybee Shoot for the stars, cowboy'",officialprkrngr,1,0
882823368256479235,2017-07-06 04:47:47,b'@CardiganAir Full water cycle integration on the next update',officialprkrngr,2,0
882823203315490816,2017-07-06 04:47:08,"b'@CardiganAir And you can only read from it when it rains, a sort of ""raindom access memory""'",officialprkrngr,2,0
882361122388496384,2017-07-04 22:10:59,"b'*see previous tweet (7/4) for ""startup"", 5/27 for ""bitcoin"", and 4/11 for ""faith""'",officialprkrngr,2,0
882360593880973312,2017-07-04 22:08:53,"b""Hello @CarolinaCrown I'd like my royalties for this title please https://t.co/y8gqRvphkI""",officialprkrngr,0,0
882359002360758276,2017-07-04 22:02:34,"b'One thing I did not anticipate was random companies/orgs interacting with my tweets based on buzzwords in them like ""bitcoin"" or ""startup""'",officialprkrngr,7,1
882344801303093248,2017-07-04 21:06:08,"b""New firework startup idea: just set money on fire, it's not quite as physically efficient as regular fireworks but there's no middleman""",officialprkrngr,6,0
882261212141977600,2017-07-04 15:33:59,"b""@bilvybee Happy 4th, be proud we're allowed to yell in this country y'all. The Spanish don't have it that good.""",officialprkrngr,0,0
882252912193183745,2017-07-04 15:01:00,b'@bilvybee Jim this is too much what is your life',officialprkrngr,0,0
881334955229421570,2017-07-02 02:13:22,"b""Oh thank god y'all finally did one right""",officialprkrngr,0,0
880930991384084480,2017-06-30 23:28:09,"b""RT @BraddJaffy: I didn't think this quote was real \xe2\x80\x94 until I found it's actually on the website of the Republican Secretary of State of Mis\xe2\x80\xa6""",officialprkrngr,0,12126
880669493286064128,2017-06-30 06:09:03,"b""Imagine writing code back in the old days when you couldn't just run it and get a readable error like Rest In Peace\xe2\x84\xa2 all my computing skills""",officialprkrngr,2,0
880604830800109568,2017-06-30 01:52:07,"b""Okay here's another for y'all:""",officialprkrngr,0,0
880604600113418241,2017-06-30 01:51:12,b'RT @crmclaughlin97: The poll to end polls: how do you count subdivisions?',officialprkrngr,0,3
880566184763981824,2017-06-29 23:18:33,"b""All I've done in Portland this summer is hang out with cats I meet on the street""",officialprkrngr,5,0
880079761728446465,2017-06-28 15:05:40,b'RT @prettyboyrising: THE FLOOR IS BEING A PIPE https://t.co/YMAQ09wEA1',officialprkrngr,0,13
879958544212086785,2017-06-28 07:04:00,b'@l00eez gentle reacts only',officialprkrngr,0,0
878643789245456384,2017-06-24 15:59:38,"b""Y'all CONTINUE to be wrong but go in peace I guess. I gotta try this again https://t.co/M3nuwqQjTr""",officialprkrngr,0,0
878069760679854080,2017-06-23 01:58:39,"b'RT @officialprkrngr: whiskey dick, or as the kids like to call it these days, ""boner hurting juice""'",officialprkrngr,0,1
877978638385270784,2017-06-22 19:56:34,b'Oh what up #rstats https://t.co/Nbz9mCMmCN',officialprkrngr,0,0
877978345463455744,2017-06-22 19:55:24,"b'whiskey dick, or as the kids like to call it these days, ""boner hurting juice""'",officialprkrngr,6,1
877700488875040768,2017-06-22 01:31:18,b'@l00eez My MAX is about the light rail not the person (sorry pal) but this is still Bingo the Dog ily https://t.co/HzR3wpKGau',officialprkrngr,2,0
877654093015207936,2017-06-21 22:26:56,"b'Our package is up on CRAN now, check it out!!\n#rstats #rankedchoice #voting #datascience #rcv\xe2\x80\xa6 https://t.co/QDtSrVQ6zh'",officialprkrngr,2,0
877567308188704768,2017-06-21 16:42:05,b'RT @franklyrosalind: lmao sorry friendaloo but if you want me to write you a couple thousand lines of code you get to profit from forever i\xe2\x80\xa6',officialprkrngr,0,21358
877402721346764802,2017-06-21 05:48:04,"b""@tree_fucker @prettyboyrising this ain't any of your liberal science bullshit this is how these things make me FEEL""",officialprkrngr,4,1
877385311889666049,2017-06-21 04:38:54,b'@l00eez I love this and I love you',officialprkrngr,0,0
877287925490176000,2017-06-20 22:11:55,"b""Alright what else y'all got""",officialprkrngr,0,0
877275611042951168,2017-06-20 21:22:59,b'RT @fuckeveryword: fuck less',officialprkrngr,0,284
877275518306877440,2017-06-20 21:22:37,"b""somebody tried to tell me all vegetables aren't the same like tomato? bell pepper? cucumber? open your eyes bud theyre just different colors""",officialprkrngr,10,2
877065800984608769,2017-06-20 07:29:16,"b""@prettyboyrising Too much on that singing one buddy you can't do that to me https://t.co/fiHsCrm4KX""",officialprkrngr,1,0
877063551390588928,2017-06-20 07:20:20,b'@plumpuddingmodl Bingo! Can my prize be us hanging out and having an ugly facial hair party pls https://t.co/xNiiEfFDvH',officialprkrngr,0,0
876907849233739776,2017-06-19 21:01:38,"b""So uhh y'all are wrong but I respect your choices go in peace""",officialprkrngr,3,0
876643856988680192,2017-06-19 03:32:37,b'Clarification: one of these three men is my actual father',officialprkrngr,3,0
876608039184326656,2017-06-19 01:10:17,"b'Not quite a silver fox but definitely like a salt and pepper fox or something, I suppose \xf0\x9f\x91\xa8\xe2\x80\x8d\xf0\x9f\x91\xa6 https://t.co/doFAPJGFGn'",officialprkrngr,3,0
876273327005982720,2017-06-18 03:00:16,"b""@united look I get that airline business is complicated but if you don't know when we're gonna leave just tell us that pls!!!""",officialprkrngr,0,0
876178323470258177,2017-06-17 20:42:45,"b""Alright what y'all got""",officialprkrngr,0,0
876165178366337024,2017-06-17 19:50:31,"b""@l00eez Drink that hot cider when you're done""",officialprkrngr,1,0
876165061655638016,2017-06-17 19:50:03,b'@l00eez Apple juice',officialprkrngr,0,0
874845841265233920,2017-06-14 04:27:57,"b'""... and the woman sitting next to me was...obese...and she was wearing this bodysuit? leotard? with snaps on it..."" okay bud how bout u not'",officialprkrngr,0,0
874839370301407234,2017-06-14 04:02:14,"b'This just in: local dumbass forgets about water bottle, has to chug it all in the TSA line before getting on a cross-country flight (its me)'",officialprkrngr,9,0
874750788073013248,2017-06-13 22:10:14,"b""Some days at work you submit software you've been working on for months, some days at work you put stickers on maps!! Both of these are good""",officialprkrngr,12,1
874467136835534848,2017-06-13 03:23:06,b'@says_kaylee wish I had this tbh holy shit',officialprkrngr,1,0
873663527008862208,2017-06-10 22:09:51,"b""RuPaul's little-known wife, RhuBarb""",officialprkrngr,14,2
873427395495157761,2017-06-10 06:31:33,"b""Reunions is cool and all but it's really weird to see adults spending their Friday night at Reed like we do sometimes \xf0\x9f\x91\x80\xf0\x9f\x91\x80""",officialprkrngr,11,1
873409203603361792,2017-06-10 05:19:15,b'@l00eez oh sick im ready',officialprkrngr,1,0
873009425023238145,2017-06-09 02:50:41,"b""Winner gets all the meat that's in my fridge on the day I decide""",officialprkrngr,0,0
873009302662807552,2017-06-09 02:50:12,b'Now taking bets on how long it takes me to become a vegetarian tbh',officialprkrngr,2,0
872970384085204992,2017-06-09 00:15:33,"b""y'all ever uhhh.,. walk outside and tear up at how beautiful nature is but then you sneeze and realize the tears were just allergies because""",officialprkrngr,5,0
872848604599173121,2017-06-08 16:11:38,"b""The rain may be back but you know what that means? Nobody's working on the roof, so I can be upstairs without my eardrums complaining""",officialprkrngr,1,0
872848054990258176,2017-06-08 16:09:27,"b""RT @BrendanNyhan: We're on borrowed time. Consequences could be much more severe than what we've seen thus far. https://t.co/1uRrc6pKMF""",officialprkrngr,0,287
871933397983088641,2017-06-06 03:34:56,"b""@thatoneyellow Molly pls link me to Creamed Butter's EP""",officialprkrngr,1,0
871401460331827201,2017-06-04 16:21:12,b'This is what I imagine us being like https://t.co/arZJVmLWuh',officialprkrngr,3,0
871151590329040896,2017-06-03 23:48:19,b'@bilvybee oh siCK',officialprkrngr,0,0
870016126524071937,2017-05-31 20:36:23,b'oh siCK https://t.co/9vSPhuaZvn',officialprkrngr,0,0
869961219490299904,2017-05-31 16:58:12,"b""Lee's Theorem: Any sufficiently large network search into academia will inevitably find you a Reedie.""",officialprkrngr,4,0
869793436873838593,2017-05-31 05:51:29,b'@prettyboyrising Your own personal arrangement of a song without words will do',officialprkrngr,1,0
869778695506075650,2017-05-31 04:52:55,b'@EastmanEly When you get back in town we can arrange something good',officialprkrngr,0,0
869778487657332736,2017-05-31 04:52:05,b'@EastmanEly It will be if people send me tapes',officialprkrngr,0,0
869748835291025409,2017-05-31 02:54:16,"b""Now taking applications for the Reed College Barbershop Quartet, send your tape to jaylee@reed.edu and we'll set up an audition""",officialprkrngr,2,0
869737188119896064,2017-05-31 02:07:59,"b""Hey y'all my name's Jay and I emailed three (3) city governments today how's your day going""",officialprkrngr,6,0
869214271317581824,2017-05-29 15:30:06,b'@plumpuddingmodl (Can I still get that hug even if I lose)',officialprkrngr,1,0
869214175200817154,2017-05-29 15:29:43,b'@plumpuddingmodl 17',officialprkrngr,1,0
868978376161112065,2017-05-28 23:52:44,b'Hear me out but like... what if impressionists were just painting with their glasses off????? All your faves are just nearsighted buddy',officialprkrngr,5,0
868673131786805250,2017-05-28 03:39:48,"b""*rolls up to the farmers market* hey do y'all take bitcoin here""",officialprkrngr,4,0
868666523031818240,2017-05-28 03:13:32,"b'""Look at that weird bird"" -Delainey Myers, pointing to a squirrel'",officialprkrngr,3,0
868629146712264704,2017-05-28 00:45:01,"b""@mumblequeen It mentions a few (large) suggestions but that's one of the smaller ones""",officialprkrngr,0,0
868628990935711744,2017-05-28 00:44:24,b'@mumblequeen Yes !!!!! I read this really good article the other day responding to a proposed transportation budget\n\nhttps://t.co/GwkcUrdfc0',officialprkrngr,0,0
868598714880770048,2017-05-27 22:44:06,b'thanks to @mumblequeen for sharing my passion for public transit you the real mvp',officialprkrngr,1,0
868539627879124992,2017-05-27 18:49:18,"b""Update: apparently the light rail cars can go faster, but the streetcar can take some turns the trains can't, so they serve different routes""",officialprkrngr,1,0
867541936206258177,2017-05-25 00:44:50,"b""@l00eez I'm sorry I wish I could help you but I don't know how to change who I am""",officialprkrngr,2,0
867512833872764928,2017-05-24 22:49:11,b'@l00eez  https://t.co/bZoWWLgjX5',officialprkrngr,1,0
867511406509252608,2017-05-24 22:43:31,"b""@l00eez I'm glad you enjoyed it! Very ready for it to be turned in, thank you *soooooo* much for taking a look at it""",officialprkrngr,0,0
867188503955685376,2017-05-24 01:20:25,b'@plumpuddingmodl Big Tex',officialprkrngr,0,0
866891873226416132,2017-05-23 05:41:43,b'@BeyPenguen NICE',officialprkrngr,1,0
866875711545499651,2017-05-23 04:37:30,b'@oh_boy_its_noah This is prime content thank you so much',officialprkrngr,1,0
866838225171603456,2017-05-23 02:08:32,"b""Please spread this I want it to be ubiquitous when y'all come back in the fall https://t.co/13f3zne2sD""",officialprkrngr,2,0
866747785751613440,2017-05-22 20:09:10,"b'Happy Monday y\'all, the new bit is mentioning Reed\'s (nonexistent) football team offhand and grunting ""Go Owls!!"" like we go to state school'",officialprkrngr,19,4
866737970073681920,2017-05-22 19:30:09,b'Here we are on day four and the lesson here is that my grilled cheeses are gonna be so fckin good by the end of the summer',officialprkrngr,1,0
866731811270819840,2017-05-22 19:05:41,"b""New room setup makes it very easy to charge my computer while in bed and if that's not dangerous to physical activity I don't know what is""",officialprkrngr,8,0
866544510255235073,2017-05-22 06:41:25,"b""@oh_boy_its_noah It's not even her fault (it's my lack of self-motivation) but she's a handy excuse to stay in my bed all the time""",officialprkrngr,2,0
866519205822083072,2017-05-22 05:00:52,"b""my room is not at all conducive to writing/doing work in general but also I can't leave I gotta hang out with Millie \xc2\xaf\\_(\xe3\x83\x84)_/\xc2\xaf""",officialprkrngr,6,0
866517224370061314,2017-05-22 04:53:00,"b""@bilvybee Wait if it's called a finsta can we start calling these shitters""",officialprkrngr,0,0
866516490647781376,2017-05-22 04:50:05,"b""Also some guy literally whooped in the middle of the 1st movement today and that's the kind of classical music environment I'm here for""",officialprkrngr,6,0
866510893936279553,2017-05-22 04:27:50,b'As a reedie you get to know all the Reed Dogs\xe2\x84\xa2 but as a reed dog walker you get to know all the dogs that just get walked on campus',officialprkrngr,3,0
866497646696976384,2017-05-22 03:35:12,b'@bilvybee Please give me this fitter',officialprkrngr,0,0
866487335797407744,2017-05-22 02:54:14,"b'""Wow jay that\'s the third day you\'ve made grilled cheese to eat"" yeah y\'all but I had three different kinds of fruit, that gives it variety\xf0\x9f\x8d\x91'",officialprkrngr,5,0
866429798108680192,2017-05-21 23:05:36,b'Somebody explain to me why we have both a light rail AND a streetcar',officialprkrngr,1,0
866149284709662722,2017-05-21 04:30:56,"b""So uhh . . . how much is this here garage on sale for, y'all???""",officialprkrngr,5,0
866130615103496193,2017-05-21 03:16:45,"b'Got beat up at the ice cream shop today, call that Assault &amp; Straw'",officialprkrngr,14,0
866019869069684736,2017-05-20 19:56:41,b'Somebody explain to me why orange juice &lt;&lt; oranges but apple juice &gt;&gt;&gt;&gt;&gt; apples',officialprkrngr,1,0
865819974559866880,2017-05-20 06:42:22,"b""Love when people send me a friend request like... I'm actually in awe of you and I don't know how to start being friends with someone \xf0\x9f\xa4\xa0\xf0\x9f\xa4\xa0\xf0\x9f\xa4\xa0\xf0\x9f\xa4\xa0\xf0\x9f\xa4\xa0\xf0\x9f\xa4\xa0""",officialprkrngr,2,0
865700867080568832,2017-05-19 22:49:05,"b""@musingsofthemia yah but like,,, I'm still a very sweaty person, sweaty""",officialprkrngr,0,0
865613945414967297,2017-05-19 17:03:41,"b'""It\'s only 70\xc2\xb0, how are you sweating by 9 AM?"" Andrew if I understood my body do you think I would do this to myself'",officialprkrngr,7,0
865459353410613249,2017-05-19 06:49:23,"b""Sometimes I mix up Sarah Wagner-McCoy and Sarah Huckabee Sanders I'm so sorry""",officialprkrngr,1,0
865329310936088576,2017-05-18 22:12:39,"b""@tree_fucker That really messed up since @bilvybee says I'm chaotic neutral""",officialprkrngr,0,0
865287317296041988,2017-05-18 19:25:47,b'@bilvybee What if you did Jay',officialprkrngr,1,0
865249466525167617,2017-05-18 16:55:23,b'@CardiganAir Thank',officialprkrngr,0,0
865227942317539328,2017-05-18 15:29:51,b'alright buddies hit me which one I am https://t.co/Jo0vhytaT4',officialprkrngr,0,1
864693814706937856,2017-05-17 04:07:25,b'@IsZeQueer @oh_boy_its_noah Honestly it might be I just found it somewhere',officialprkrngr,0,0
864691290536951808,2017-05-17 03:57:23,b'@oh_boy_its_noah  https://t.co/nh8JsJnYpj',officialprkrngr,0,0
864689822115307520,2017-05-17 03:51:33,"b'@oh_boy_its_noah Wait what if they were calling you ""my deer"" instead'",officialprkrngr,0,0
864689737805709312,2017-05-17 03:51:13,"b""@oh_boy_its_noah That's good because you're such a dear wowza""",officialprkrngr,1,0
864566964252954624,2017-05-16 19:43:21,b'Hummus is Fummus! https://t.co/2rs1AhYsjj',officialprkrngr,8,1
864564437734129665,2017-05-16 19:33:19,b'@bikeut @sarahd0825 @OrangeBikeP Cool bike',officialprkrngr,1,0
864563659237761024,2017-05-16 19:30:13,"b'Haters will say it\'s called ""lemon-lime"" instead of its proper name ""yellow"" https://t.co/u2WsM9oIRp'",officialprkrngr,8,0
864544227232894976,2017-05-16 18:13:00,"b""@whiselles Jk I have a new roommate and she's better and I'm not sorry or sad life is great https://t.co/atH4q9LQ6p""",officialprkrngr,3,0
864363429624111105,2017-05-16 06:14:35,"b""@whiselles Just because the school year is over doesn't mean you can become a plagiarist!!!!! Honor""",officialprkrngr,1,0
864351661002678276,2017-05-16 05:27:49,"b'Tonight\'s mood: crying yourself to sleep because your ""roommate"" is leaving and he was the best roommate you ever had (credit @whiselles )'",officialprkrngr,5,0
864334504843919364,2017-05-16 04:19:39,b'@CardiganAir George Washington',officialprkrngr,3,0
864334434849312769,2017-05-16 04:19:22,b'@thatoneyellow YES',officialprkrngr,1,0
864332610222178304,2017-05-16 04:12:07,"b""I've got a clothes rack, rug, floor lamp, many plants, speakers, and tbh I'm preparing for more tomorrow""",officialprkrngr,3,0
864332437769170944,2017-05-16 04:11:26,"b""They forgot to mention just how much of people's stuff you'd be holding onto if you stayed in town for the summer""",officialprkrngr,7,0
863607748570656768,2017-05-14 04:11:46,b'@l00eez Meet me behind the gym at 3 tomorrow',officialprkrngr,1,0
863539247973711872,2017-05-13 23:39:35,b'@bilvybee MOOS',officialprkrngr,1,0
863507442675597313,2017-05-13 21:33:12,"b'Who are you, to tell me I can\'t be a vegan because I ""eat animal products,"" the vegan police??????'",officialprkrngr,5,0
862847813977202692,2017-05-12 01:52:04,b'Just got an email that a book I requested Five Months Ago will be ready in an hour at the library what even',officialprkrngr,10,0
862211105631772672,2017-05-10 07:42:01,b'@whiselles Any time I am always here to support you and provide a platform for you to express your opinions',officialprkrngr,0,0
862197333785591808,2017-05-10 06:47:17,b'@whiselles Feel free to put him 3rd on your faves list or 1st on your anti-faves list then!',officialprkrngr,1,0
862189178888503297,2017-05-10 06:14:53,b'Help us study pls! List your 3 fave (or least fave) spring semester hum books and justify why you enjoyed them or w\xe2\x80\xa6 https://t.co/5teSTXHYEG',officialprkrngr,1,0
862178374986235904,2017-05-10 05:31:57,"b'Some of you might also say ""wow Jay you\'ve been really active on twitter today"" but I would say ""I hate term papers this is my only release""'",officialprkrngr,2,0
862154667702181889,2017-05-10 03:57:45,b'@ahngelras Do it anyway honestly the meme is reason enough',officialprkrngr,1,0
862148016265756678,2017-05-10 03:31:19,"b'Some of you might say ""Wow Jay that\'s a cool shoe rack"" but I would say ""think about how cool it is to leave shoes\xe2\x80\xa6 https://t.co/UUTlSBbdEX'",officialprkrngr,8,0
862086675526111232,2017-05-09 23:27:34,"b""Pretty sure I'll buy out all of commons' Gatorade this week because I'm sick""",officialprkrngr,1,0
862061200154087424,2017-05-09 21:46:21,"b""RT @emmataylorbrill: Hum majors: even tho it can be a lot of work, I really love [major]. It's my passion!\nSTEM majors: Fuck, I hate scienc\xe2\x80\xa6""",officialprkrngr,0,4
862038789933342720,2017-05-09 20:17:18,"b'Me, trying to see how far I can stretch my power cable: truly a modern-day Icarus'",officialprkrngr,7,1
862021184933605377,2017-05-09 19:07:20,"b""Come check out my group's project if you have time/interest? We've been working for a while on this it's actually k\xe2\x80\xa6 https://t.co/blOqwLWQQC""",officialprkrngr,2,1
862016809616064512,2017-05-09 18:49:57,"b'@l00eez Can\'t even point at yourself with them to say ""this guy"" for the joke without pointing your whole foot at yourself like a damn fool'",officialprkrngr,3,0
862016555265081344,2017-05-09 18:48:56,"b""@l00eez Not opposable, doesn't count""",officialprkrngr,0,0
862013391061139456,2017-05-09 18:36:22,"b""I've been working on this bug for a gd WEEK and moving one parenthesis was the fix I'm livid right now https://t.co/cGZ06GbDH4""",officialprkrngr,4,0
862011302482292737,2017-05-09 18:28:04,b'@l00eez How do I get on this extra thumbs train',officialprkrngr,1,0
862005550891941888,2017-05-09 18:05:13,b'Me with all of my responsibilities coming in hot https://t.co/ZhplY9oWdA',officialprkrngr,2,0
861962198280683520,2017-05-09 15:12:57,b'Bob the Tomato from @VeggieTales rt if you agree',officialprkrngr,1,0
861760911404539904,2017-05-09 01:53:06,"b'RT @RagenEggert: summer lovin, happened so fast\nsummer lovin, he scream at own ass https://t.co/203Hantsqe'",officialprkrngr,0,18832
861657268797939712,2017-05-08 19:01:16,b'Gray Campus Center? More like Grilled Cheese Center',officialprkrngr,4,0
861446652640370689,2017-05-08 05:04:21,b'Called tf out https://t.co/ryZaKNiAL0',officialprkrngr,1,0
860984974870142976,2017-05-06 22:29:48,b'@oh_boy_its_noah @plumpuddingmodl WHAT',officialprkrngr,0,0
860897734584414208,2017-05-06 16:43:09,"b'last night the cardinal said the phrase ""invisible right hand"" and for the rest of the mass I pictured adam smith in the big cardinal getup'",officialprkrngr,3,0
860877205831864320,2017-05-06 15:21:34,"b'capitalism\'s wild yo, 75% of this plane boarded in ""group 6"" like buddy have you thought about how bad that is'",officialprkrngr,6,0
860869064335536128,2017-05-06 14:49:13,b'RT @SNCKPCK: zoom in on the dog nose https://t.co/5Kjlq1w2PX',officialprkrngr,0,28473
860704919988436992,2017-05-06 03:56:58,b'@musingsofthemia Lol yes he did not run away',officialprkrngr,0,0
860625048725594117,2017-05-05 22:39:35,"b'RT @Pamphlette: Peter Steinberger bolts upright, drenched in sweat, from reccurring\xe2\x80\x8b nightmare in which black female writer is on the Hum f\xe2\x80\xa6'",officialprkrngr,0,6
860624583824748544,2017-05-05 22:37:45,b'@prettyboyrising Thank you I really needed this',officialprkrngr,1,0
860624509547802624,2017-05-05 22:37:27,b'@prettyboyrising Ur a twunk i',officialprkrngr,6,0
860624398612430848,2017-05-05 22:37:00,"b""@musingsofthemia I'm all good there was just a mild concern involving the cat""",officialprkrngr,0,0
860593030369345536,2017-05-05 20:32:22,"b'""your first thought should have been your safety"" ya mom but I had to make sure the cat didn\'t run away, that would have actually hurt me :('",officialprkrngr,3,0
860336411530186752,2017-05-05 03:32:39,b'@l00eez YES thank you so much ily',officialprkrngr,1,0
860334621476749312,2017-05-05 03:25:32,b'@l00eez Tbh can I take you up on this l8r',officialprkrngr,0,0
859938102990786565,2017-05-04 01:09:55,"b""@dril on board with the condiment culture analysis agenda y'all https://t.co/VW56OkKK0H""",officialprkrngr,0,0
859928067153809408,2017-05-04 00:30:02,"b'last sem I left 70\xc2\xba houston for 100\xc2\xba oregon and this week i left sunny, warm portland for h*ckin rainstorm, texas. Weather is FAKE only Zeus'",officialprkrngr,6,0
859504075330666497,2017-05-02 20:25:15,"b'*walks up to @McDonalds drive-thru window* ""Say, may I sample your largest Mackenzie?""'",officialprkrngr,2,0
859252541476843521,2017-05-02 03:45:44,"b'you can tell me all you want it\'s pronounced ""da-rye-us"" but @VeggieTales pronounced it ""dairy-us"" so take that steiny'",officialprkrngr,2,0
859247060813467648,2017-05-02 03:23:57,"b""there's definitely a relationship between the length of a class title and how cool the class is""",officialprkrngr,7,0
859188175775780865,2017-05-01 23:29:58,"b""RT @dog_rates: Here we have an exotic dog. Good at ukulele. Fashionable af. Has two more arms if needed. Is blue. Knows what 'ohana means.\xe2\x80\xa6""",officialprkrngr,0,14596
858843990208073729,2017-05-01 00:42:18,b'@deadwhalemayor @algore get over yourself',officialprkrngr,0,0
858839588181168128,2017-05-01 00:24:48,"b""@deadwhalemayor unlike @algore we weren't high just really tired and wet and cold""",officialprkrngr,1,0
858830692867743744,2017-04-30 23:49:28,b'honestly best 5 AM idea we ever had https://t.co/JonVNQkPtq',officialprkrngr,31,0
858786969601449984,2017-04-30 20:55:43,"b""how do I get on letter-making crew next year y'all""",officialprkrngr,2,0
858104728646893569,2017-04-28 23:44:44,b'It\xe2\x84\xa2 *Is*',officialprkrngr,4,0
857969362405175297,2017-04-28 14:46:50,"b""y'all think I'm talking about rf but I'm actually just up thinking about philosophy, catch me at thesis parade quoting Descartes""",officialprkrngr,2,0
857832579088523264,2017-04-28 05:43:19,b'soon It\xe2\x84\xa2 will *Be*',officialprkrngr,6,0
857689034717511681,2017-04-27 20:12:55,"b""@prettyboyrising yah they're 10""",officialprkrngr,5,0
857650622388027393,2017-04-27 17:40:17,"b""@l00eez is finally double digits today and I'm so proud of them you would not believe https://t.co/xqGYfR2whm""",officialprkrngr,8,1
857628825848389633,2017-04-27 16:13:40,"b""alright y'all what should I wear this weekend""",officialprkrngr,0,0
857403209354067968,2017-04-27 01:17:09,b'relatable content thank u https://t.co/zNEgONeSVO',officialprkrngr,0,0
857263537860759552,2017-04-26 16:02:09,b'@CardiganAir Buddy I wish but the table was way too bad to read in ://////',officialprkrngr,0,0
857058826389868544,2017-04-26 02:28:42,"b""Wow I love manually entering data, this isn't going to waste all of my time tonight at all!!! https://t.co/vB3c9pVKwE""",officialprkrngr,0,0
856567820229820416,2017-04-24 17:57:37,"b""I guess this week I'll be calculating what the date is based on when 4/20 was because that's the last fixed date in my mind""",officialprkrngr,4,1
856260570084978691,2017-04-23 21:36:43,"b'@prettyboyrising I was bathroom singing this morning, hit what turned out to be a low D, and ran to grab a tuner and check it'",officialprkrngr,1,0
856223557797396480,2017-04-23 19:09:38,"b""i hate when my throat feels like this but I love it because on day 2 my low range is Incredible like I'm resonating a h*ckn 5th below normal""",officialprkrngr,3,0
856056822741975040,2017-04-23 08:07:05,"b""I'm so good""",officialprkrngr,5,0
855881232831336448,2017-04-22 20:29:22,b'RT @bilvybee: i Did it i unlocked this bc im tired of living in fear',officialprkrngr,0,1
855687973697757185,2017-04-22 07:41:25,"b'RF2K17: me, naked, slapping my own glitter-covered ass at 3:26 in the morning'",officialprkrngr,8,0
855602430301528065,2017-04-22 02:01:30,b'I have drinketh SIX (6) cups of tea in the last 24 hours and my throat is very lubricated',officialprkrngr,2,0
855571753191350272,2017-04-21 23:59:36,"b'this reads like ""van ass"" y\'all i love it https://t.co/iN8ZzRgsEp'",officialprkrngr,0,0
855569771361746945,2017-04-21 23:51:43,b'RT @Reed_College_: Tonight at 7 p.m. Featuring students of music *and* dance! Free and open to the public. https://t.co/Fr37z3PNa3',officialprkrngr,0,1
855499018436083712,2017-04-21 19:10:35,b'Update: Left this guy in the library for a hot sec and got really worried but we are now Reunited\xe2\x84\xa2 https://t.co/8basRZkbin',officialprkrngr,2,0
855317157512495104,2017-04-21 07:07:56,"b'Alright folks, no more smoking weed for another whole year so I hope you had fun today!!!'",officialprkrngr,10,1
855313656149454848,2017-04-21 06:54:01,"b""If you need to find me tomorrow I'll be carrying around this mug all day, both for the confidence boost and the gal\xe2\x80\xa6 https://t.co/XzXvVWyZuC""",officialprkrngr,10,0
855291050973216768,2017-04-21 05:24:11,"b""@l00eez I don't think I've ever seen content more relatable than this also now I think I'm possessed""",officialprkrngr,1,0
855149717012922368,2017-04-20 20:02:35,"b""@basilshallward I'm missing tonight and I'm so mad about this mac and cheese""",officialprkrngr,1,0
854864954960236544,2017-04-20 01:11:02,b'@bilvybee Good one',officialprkrngr,1,0
854474274551103488,2017-04-18 23:18:37,b'Man I am just way too good at naming files https://t.co/RhAYnfxf5P',officialprkrngr,7,0
854460322622578689,2017-04-18 22:23:10,"b""@CardiganAir I'm back @ Scholz now but would still appreciate some explanation if you want to come by""",officialprkrngr,0,0
854447746945753088,2017-04-18 21:33:12,b'Somebody come to Eliot and explain San Francisco for me I need it for a project',officialprkrngr,1,0
854403725888180224,2017-04-18 18:38:16,"b'***pronounces ""Pontius Pilate"" like ""Pilates""***'",officialprkrngr,7,0
854381509259612160,2017-04-18 17:10:00,b'@basilshallward Why does reed make us struggle in this way nat',officialprkrngr,1,0
854367076152102912,2017-04-18 16:12:38,"b""@basilshallward I just wanna take these classes but I have approximately 2 social science prereqs and one isn't even real""",officialprkrngr,1,0
854366796308070401,2017-04-18 16:11:32,b'@basilshallward I agree this is Dumb',officialprkrngr,1,0
854120527425699840,2017-04-17 23:52:57,b'follow for more relatable combinatorics jokes',officialprkrngr,1,0
854120427475443712,2017-04-17 23:52:33,"b""the answer is (at least) one hole with (at least) two (2) pigeons !!!n!!'""",officialprkrngr,4,0
854048271076966401,2017-04-17 19:05:49,b'how fit 10 pigeons into 9 holes?',officialprkrngr,3,0
853800081157308417,2017-04-17 02:39:36,"b""Next year's hottest event is gonna be Raffi Ball\xe2\x84\xa2 hosted by me and Tristan""",officialprkrngr,6,0
853488694967152641,2017-04-16 06:02:16,b'@bilvybee This is Good Content\xe2\x84\xa2',officialprkrngr,0,0
853435895709433856,2017-04-16 02:32:28,"b'RT @KeetPotato: me: ""we commemorate the day you died every year""\njesus: ""thats nice, what\'s the day called?""\nme:\njesus:\nme:\njesus: ""keith?""\xe2\x80\xa6'",officialprkrngr,0,15514
853304445005840384,2017-04-15 17:50:07,"b""Results are in y'all, the rules are Final and I didn't make them https://t.co/nyt1f8iwHV""",officialprkrngr,0,0
853038476534489088,2017-04-15 00:13:16,b'@ the chainsaws outside my window pls observe a moment of silence for the fallen Scholz tree &amp; extend that moment so I can take a h*ckin nap',officialprkrngr,7,0
852917079040606208,2017-04-14 16:10:52,"b'Good planning by the hum faculty to come back to the new testament during holy week, nice one'",officialprkrngr,4,0
852760315611590656,2017-04-14 05:47:57,b'Is olive oil a condiment??????',officialprkrngr,0,0
852735418650959872,2017-04-14 04:09:01,"b""I counted at least 5 memes in tonight's class presentations and I'm so proud of all y'all""",officialprkrngr,1,0
852261500110618624,2017-04-12 20:45:50,b'@prettyboyrising @tree_fucker buzzkill',officialprkrngr,1,0
852260775544594432,2017-04-12 20:42:57,b'Is it the stress is that it',officialprkrngr,1,0
852260733102338048,2017-04-12 20:42:47,b'Somebody explain to me why the practice rooms are so hot in the middle of the day',officialprkrngr,0,0
852050088734085120,2017-04-12 06:45:46,"b""@plumpuddingmodl Good! You're welcome to come down any time and wear it it's a very good hat""",officialprkrngr,2,0
852010430805401600,2017-04-12 04:08:10,"b""Y'all I found this gr8 hat tonight and idk whose it is but please don't come back for it ok? https://t.co/8VUpltcx1k""",officialprkrngr,13,0
851862743317569536,2017-04-11 18:21:19,"b'Yo I get that ur loud and have opinions but it\'d be real cool if you stopped using ""irrationality"" as a synonym for ""faith"" because it\'s not'",officialprkrngr,13,1
851528376712019968,2017-04-10 20:12:40,"b'@plumpuddingmodl Acknowledge, accept, continue'",officialprkrngr,1,0
851516512682868736,2017-04-10 19:25:31,"b'whomstsoever took out the grate on the commons water bottle filler,,, thank you from the owner of a tall water bottle that didnt fit before'",officialprkrngr,5,0
851282488672493568,2017-04-10 03:55:36,"b""@l00eez 1973 by James Tyler, they used to call that guy Jimbo Ty. That's where he got the name for it""",officialprkrngr,2,0
851238720103628800,2017-04-10 01:01:40,"b""@bilvybee Why would you run seven miles please don't hate yourself like this""",officialprkrngr,0,0
850852330115186690,2017-04-08 23:26:18,b'.@prettyboyrising did you really just change your name based on that email because if so good one',officialprkrngr,1,0
850514665025150976,2017-04-08 01:04:32,b'@oh_boy_its_noah you gotta tell Michael https://t.co/WtRD4rrAUa',officialprkrngr,0,0
850503737420402689,2017-04-08 00:21:07,"b""RT @Reed_College_: Tomorrow we celebrate Reed's oldest active tradition, Canyon Day! Bring a friend; help improve the natural habitat: http\xe2\x80\xa6""",officialprkrngr,0,3
850448961508745216,2017-04-07 20:43:27,"b""Y'all buzzfeed has PEAKED\n\nhttps://t.co/tKTzOOJDlH""",officialprkrngr,0,0
850378595100901376,2017-04-07 16:03:50,"b""woke up to a tree falling through a window upstairs how's your day going""",officialprkrngr,5,0
850369264213049344,2017-04-07 15:26:46,b'RT @CardiganAir: retweet if you are not left handed',officialprkrngr,0,5
849805213426827264,2017-04-06 02:05:26,"b""Also this person in choir had a JSTOR baseball cap on today and there's nothing I want more in life than that""",officialprkrngr,2,0
849804979632193536,2017-04-06 02:04:30,b'RT @PlainMcChickenz: \xf0\x9f\x93\x82Documents\n  \xe2\x94\x94\xf0\x9f\x93\x81My Friends\n      \xe2\x94\x94\xf0\x9f\x93\x81 Reasons I Love Them\n           \xe2\x94\x94\xe2\x9a\xa0\xef\xb8\x8f This folder is TOO FULL',officialprkrngr,0,1907
849800394955931649,2017-04-06 01:46:17,b'Some guy just rollerbladed by using ski poles to push himself real gracefully and honestly? I hope he has a great day that was amazing',officialprkrngr,5,0
848734556244983808,2017-04-03 03:11:01,"b'Smh at these instant gratification milennials, back in my day we waited *years* before our prayers about turning in\xe2\x80\xa6 https://t.co/NQX7y7Zymo'",officialprkrngr,4,1
847589324786851840,2017-03-30 23:20:17,"b'RT @EastmanEly: If you ever see someone with two ""magnets"" acting like they are repelling and attracting each other, they are just miming.\xe2\x80\xa6'",officialprkrngr,0,1
847562205910282240,2017-03-30 21:32:31,b'i love it',officialprkrngr,3,0
847277707670966272,2017-03-30 02:42:01,b'@prettyboyrising pretty sick brah',officialprkrngr,1,0
846933799808057344,2017-03-29 03:55:27,"b""@tree_fucker My eyes are crying but my sinuses are also so I'm very conflicted""",officialprkrngr,2,0
846840841293377536,2017-03-28 21:46:04,"b""RT @RoachJarrod: *At Cane's*\nMe: Can I get a box combo and trade the coleslaw for another piece of toast?\nCane's Employee: Sure\nMe, turning\xe2\x80\xa6""",officialprkrngr,0,24764
846627368454152192,2017-03-28 07:37:48,b'@l00eez I am emotionally (and physically because I live down the hall) here for you',officialprkrngr,1,0
846248628175814660,2017-03-27 06:32:50,b'*pop punk computer kid* thnks fr th rndm ccss mmrs',officialprkrngr,4,0
846146241322901504,2017-03-26 23:45:59,b'Jupiter? I hardly know her!',officialprkrngr,2,0
846125898092896256,2017-03-26 22:25:09,b'@l00eez That plant shot is killing me',officialprkrngr,1,0
846095034541760512,2017-03-26 20:22:30,b'Imagine writing a fic and it gains similar fame to the original work anyway @virgil hey there',officialprkrngr,9,0
845372006115655680,2017-03-24 20:29:27,"b'RT @ezraklein: To be clear, this bill failed because is it is an extremely bad bill that would hurt a lot of people and cause chaos in insu\xe2\x80\xa6'",officialprkrngr,0,2187
845293877707759616,2017-03-24 15:18:59,b'RT @CauseWereTexas: open this tweet for a secret message \n\n\xe3\x85\xa4\xe3\x85\xa4\xe3\x85\xa4\xe3\x85\xa4\xe3\x85\xa4\xe3\x85\xa4\xe3\x85\xa4Whataburger is better than in-n-out\n\n\xe3\x85\xa4\xe3\x85\xa4\xe3\x85\xa4\xe3\x85\xa4\xe3\x85\xa4\xe3\x85\xa4\n\n\xe3\x85\xa4\xe3\x85\xa4\xe3\x85\xa4\xe3\x85\xa4\xe3\x85\xa4\xe3\x85\xa4',officialprkrngr,0,7229
845161116984524802,2017-03-24 06:31:27,b'Hotboxing is when you fart under the covers kids',officialprkrngr,2,0
845103823924355072,2017-03-24 02:43:47,b'@musingsofthemia el presidente',officialprkrngr,0,0
844953725709930496,2017-03-23 16:47:21,"b""tristan and I are gonna FOIA DT's tax returns please wish us luck in our endeavour""",officialprkrngr,2,0
844947098550222848,2017-03-23 16:21:01,b'.@reed make sure you read the constitution update mike brody sent out! There are some pretty major changes in there and a forthcoming vote',officialprkrngr,1,0
844777103941783554,2017-03-23 05:05:31,"b""RT @valmlim: @musingsofthemia what are dunkers i have absolutely no idea what you're trying to say""",officialprkrngr,0,1
844624202049105920,2017-03-22 18:57:56,"b'RT @SeanMcElwee: Holy shit. Premiums as a % of income for a 60 year old making $20,000. Obamacare vs. Trumpcare. https://t.co/QrWq0W30Xz ht\xe2\x80\xa6'",officialprkrngr,0,3859
844375428940759041,2017-03-22 02:29:24,"b""Actually both of us can go tf home because now it's raining again, sorry I doubted you pdx weather gods""",officialprkrngr,2,0
844372873342939136,2017-03-22 02:19:15,b'@prettyboyrising thank you i ur support means the world to me',officialprkrngr,1,0
844358236207689728,2017-03-22 01:21:05,b'So im coming home from the gym in the rain and some old guy says im dressed like an optimist (tshirt and shorts) but its sunny so go tf home',officialprkrngr,3,0
844281154186330112,2017-03-21 20:14:47,b'@deadwhalemayor If ur conservative have fun only using baking powder in ur cooking',officialprkrngr,2,1
844260013421948928,2017-03-21 18:50:47,"b""I read where's waldo for the plot""",officialprkrngr,4,1
844240832572018689,2017-03-21 17:34:34,"b'Opinions on referring to every person in Hum as ""the late"" even though Steiny knows they\'re all long dead but I love memes'",officialprkrngr,3,0
844010242933313537,2017-03-21 02:18:17,b'CSO just said howdy to me like come on I thought I escaped this Aggie hell',officialprkrngr,2,0
843874839815364609,2017-03-20 17:20:14,"b""In other news I sat in the library with my headphones in for 20 minutes before realizing there was no music playing so how's your day going?""",officialprkrngr,1,0
843870958087688192,2017-03-20 17:04:49,b'We worked out with Mike Brody today but nbd guys',officialprkrngr,1,0
843847659525828608,2017-03-20 15:32:14,"b'Me, naked in my room, dancing alone to instrumental brass band music as I get ready: THIS IS THE HEIGHT OF LIVING BOIS'",officialprkrngr,5,0
843676134650789888,2017-03-20 04:10:39,"b""there's a bunch of roller derby grandmas here and one just complained about how ice rinks replaced all the roller rinks I love this place !!""",officialprkrngr,0,0
843631111188045824,2017-03-20 01:11:45,"b'""Back when I was in the throes of mono"" why would you use that word like that'",officialprkrngr,1,0
842638909590781952,2017-03-17 07:29:06,b'I have 2 (two) pillows on my bed now and I am truly a changed man',officialprkrngr,5,0
842604617213005824,2017-03-17 05:12:50,"b'RT @oh_boy_its_noah: Things I want to understand: dog thoughts, space, how to talk to &amp; understand the intentions of cute people who talk w\xe2\x80\xa6'",officialprkrngr,0,1
842588282512850948,2017-03-17 04:07:55,b'@bilvybee I just saw this and GOOD WOW',officialprkrngr,0,0
842588184328331264,2017-03-17 04:07:32,b'@bilvybee Do it do it do it',officialprkrngr,0,0
842432844760723456,2017-03-16 17:50:16,"b""It may be 45\xc2\xb0 but winter's ending because the sun has been out twice in the same 7 day period""",officialprkrngr,8,0
842102566234206208,2017-03-15 19:57:51,b'you are NOT allowed I am Shooketh https://t.co/CIRdXgtTlD',officialprkrngr,1,0
841537283308249089,2017-03-14 06:31:38,"b""@l00eez good because I'm personally attacking you""",officialprkrngr,0,0
841527834195636225,2017-03-14 05:54:05,b'@l00eez for young dicaprio????',officialprkrngr,1,0
841417883238334464,2017-03-13 22:37:10,"b'.@l00eez, for the 4th time: ""have I said before that I\'ve never been to a mountain???""\n\nSo good and pure,truly'",officialprkrngr,0,0
840787092527489024,2017-03-12 04:50:38,b'@oh_boy_its_noah ur such a dork ily',officialprkrngr,1,0
840637938841018368,2017-03-11 18:57:57,b'sprain brook means stressing over not getting any emails for school instead of stressing over getting 20 emails for school',officialprkrngr,3,1
840324141710364673,2017-03-10 22:11:02,b's/o to the old lady playing harmonica for the ducks at the rhody garden',officialprkrngr,6,1
840276776513294337,2017-03-10 19:02:49,b'helo mr sun',officialprkrngr,5,1
840021292023660544,2017-03-10 02:07:37,b'umm excuse me?!?!? I was not made aware of this reed you have failed me https://t.co/4Y2lCCmNCg',officialprkrngr,2,0
839674006580023296,2017-03-09 03:07:38,b'RT @CardiganAir: How to Choir:\n1) Lock knees\n2) Pass out',officialprkrngr,0,2
839632702865223680,2017-03-09 00:23:30,"b'RT @Gooooats: *giving my iPhone to the hospital receptionist* Yes, I would like one healthcare please.'",officialprkrngr,0,154
839575643108999168,2017-03-08 20:36:46,"b""I've been listening to nothing but bluegrass for 2 days now somebody stop me""",officialprkrngr,2,0
839567110095298560,2017-03-08 20:02:52,b'RT @blood_orphan: log off and enjoy a tall glass of oj today https://t.co/Ew4gyMS6g9',officialprkrngr,0,2037
839341146102890499,2017-03-08 05:04:58,b'@plumpuddingmodl we were down here watching it fall down! Very confusing at first',officialprkrngr,1,0
839305710747803649,2017-03-08 02:44:09,b'https://t.co/3tFV6aDREK',officialprkrngr,0,0
839299090106073088,2017-03-08 02:17:51,"b""RT @nice_mustard: POOR PEOPLE: we would like healthcare too\nGOP: well well well, look who could afford to go to applebee's last april! nice\xe2\x80\xa6""",officialprkrngr,0,51225
839269600332140544,2017-03-08 00:20:40,b'.@Twitter if you got something to say come out and say it to my face wontcha https://t.co/WwWL5pBGpH',officialprkrngr,4,0
839203680154890240,2017-03-07 19:58:43,"b""@l00eez I'm sorry I'm sorry I wasn't actually being productive""",officialprkrngr,0,0
839156119201173504,2017-03-07 16:49:44,b'Real productive hours rn smash that like if you up this early',officialprkrngr,4,1
838900140245041152,2017-03-06 23:52:34,b'RT Virgos only will get this good joke https://t.co/byx4taD9Is',officialprkrngr,0,0
838842942810836992,2017-03-06 20:05:17,"b'[This Tweet Is Trivial, And Has Been Left As An Exercise For The Reader.]'",officialprkrngr,7,1
838671083939102720,2017-03-06 08:42:22,"b'RT @musingsofthemia: ""Store my nudes? No, I snapchat my nudes like any other responsible delinquent.""'",officialprkrngr,0,1
838519075596750849,2017-03-05 22:38:21,"b'""Is that Washington state?"" Yeah old Gdub himself lives alone up there on that cliff across the river. Sometimes I hear him scream at night'",officialprkrngr,4,3
838288989983428608,2017-03-05 07:24:04,b'who wins in a no holds barred fistfight text your answers to 1-888-YOURDAD (1-888-968-7323)',officialprkrngr,0,0
838190278368321537,2017-03-05 00:51:49,b'@CardiganAir baby photos will be forthcoming once I find the cute one',officialprkrngr,2,0
838148406291771392,2017-03-04 22:05:26,b'I want you all to know that I was a very cute baby and probably peaked at age 4',officialprkrngr,4,0
838108811659366401,2017-03-04 19:28:06,b'RT @prettyboyrising: im gonna use easybib until the day i die fuck all of you',officialprkrngr,0,1
837867648260059136,2017-03-04 03:29:48,b'this paper is just gonna be all my repressed opinions on politics sorry steinberger',officialprkrngr,1,0
837535388700811265,2017-03-03 05:29:31,"b'this is your moral dilemma not mine,, buddy'",officialprkrngr,2,0
837171636105142272,2017-03-02 05:24:06,b'.@whiselles I want you to know I shed a physical tear while writing that last one',officialprkrngr,0,0
837135296512716800,2017-03-02 02:59:42,b'google how do I get my grandkids to like me please and thank you',officialprkrngr,1,0
837132797147938816,2017-03-02 02:49:46,"b'Someone once described my style as ""young dad"" and idk about you but I think about that a lot'",officialprkrngr,1,0
